Title,Release Date,Genres,Runtime,Format,Country,Language,Foreign Language,Seen,Is TV Series,Runtime in Minutes,Duration Type
12 Monkeys,1995,Mystery | Science Fiction | Thriller,2:09,Blu-ray,USA,English,No,No,No,129,Medium
127 Hours,2010,Biography | Drama,1:34,DVD,USA,English,No,No,No,94,Medium
1917,2019,Action | Drama | War,1:59,4K UHD,UK,English,No,No,No,119,Medium
2001: A Space Odyssey,1968,Adventure | Science Fiction,2:29,Blu-ray,UK,English,No,No,No,149,Medium
28 Days Later,2002,Drama | Horror | Science Fiction | Thriller,1:53,DVD,UK,English,No,No,No,113,Medium
300,2006,Action | Drama,1:57,DVD,USA,English,No,No,No,117,Medium
The 36th Chamber of Shaolin,1978,Action | Adventure | Drama,1:56,DVD,Hong Kong,Mandarin,Yes,No,No,116,Medium
The 36th Chamber: The Final Encounter,1981,Action,1:23,DVD,Hong Kong,English,No,No,No,83,Short
The 36th Chamber: The Final Encounter,1981,Action,1:23,DVD,Hong Kong,English,No,No,No,83,Short
3:10 to Yuma,2007,Action | Crime | Drama | Western,2:02,Blu-ray,USA,English,No,No,No,122,Medium
500 Days of Summer,2009,Comedy | Drama | Romance,1:35,Blu-ray,USA,English,No,No,No,95,Medium
Abraham Lincoln: Vampire Hunter,2012,Action | Fantasy | Horror,1:45,Blu-ray,USA,English,No,No,No,105,Medium
Akira,1988,Action | Animation | Drama | Fantasy | Science Fiction | Thriller,2:04,DVD,Japan,Japanese,Yes,No,No,124,Medium
Aladdin,1992,Adventure | Animation | Comedy | Family | Fantasy | Musical | Romance,1:30,DVD,USA,English,No,No,No,90,Medium
Alien,1979,Horror | Science Fiction,1:57,Blu-ray,UK,English,No,No,No,117,Medium
Aliens,1986,Action | Adventure | Science Fiction | Thriller,2:17,Blu-ray,UK,English,No,No,No,137,Medium
Allied,2016,Action | Drama | Romance | Thriller | War,2:04,Blu-ray,UK,English,No,No,No,124,Medium
The Amazing Spider-Man,2012,Action | Adventure | Science Fiction,2:16,Blu-ray,USA,English,No,No,No,136,Medium
Apocalypse Now,1979,Drama | Mystery | War,2:27,DVD,USA,English,No,No,No,147,Medium
Avatar,2009,Action | Adventure | Fantasy | Science Fiction,2:42,Blu-ray,USA,English,No,No,No,162,Medium
Avatar: The Last Airbender: Book 1: Water,2005,Action | Adventure | Animation | Family | Fantasy | Mystery,8:26,Blu-ray,USA,English,No,No,Yes,506,Long
Avatar: The Last Airbender: Book 2: Earth,2006,Action | Adventure | Animation | Family | Fantasy | Mystery,2:03,Blu-ray,USA,English,No,No,Yes,123,Medium
Avatar: The Last Airbender: Book 3: Fire,2007,Action | Adventure | Animation | Family | Fantasy | Mystery,10:30,Blu-ray,USA,English,No,No,Yes,630,Long
The Avengers,2012,Action | Science Fiction,2:23,Blu-ray,USA,English,No,No,No,143,Medium
Avengers: Age of Ultron,2015,Action | Adventure | Science Fiction,2:21,Blu-ray,USA,English,No,No,No,141,Medium
Avengers: Endgame,2019,Action | Adventure | Drama | Science Fiction,3:01,4K UHD,USA,English,No,No,No,181,Long
Azumi 2: Death or Love,2005,Action,1:48,DVD,Japan,Japanese,Yes,No,No,108,Medium
Baby Driver,2017,Action | Crime | Drama | Music,1:53,4K UHD,UK,English,No,No,No,113,Medium
Back to the Future,1985,Adventure | Comedy | Science Fiction,1:56,Blu-ray,USA,English,No,No,No,116,Medium
Back to the Future Part II,1989,Adventure | Comedy | Science Fiction,1:48,Blu-ray,USA,English,No,No,No,108,Medium
Back to the Future Part III,1990,Adventure | Comedy | Science Fiction | Western,1:58,Blu-ray,USA,English,No,No,No,118,Medium
Batman Begins,2005,Action | Crime | Drama,2:20,Blu-ray,USA,English,No,No,No,140,Medium
"Batman: The Long Halloween, Part One",2021,Action | Animation | Crime | Horror | Mystery | Science Fiction,1:25,Blu-ray,USA,English,No,No,No,85,Short
Batman: Mask of the Phantasm,1993,Action | Adventure | Animation | Crime | Family | Mystery | Science Fiction,1:16,4K UHD,USA,English,No,No,No,76,Short
"Batman: The Long Halloween, Part Two",2021,Action | Animation | Crime | Horror | Mystery | Science Fiction,1:27,Blu-ray,USA,English,No,No,No,87,Short
Battle Royale,2000,Action | Adventure | Drama | Thriller,1:54,Blu-ray,Japan,Japanese,Yes,No,No,114,Medium
Beauty and the Beast,1991,Animation | Family | Fantasy | Musical | Romance,1:24,Blu-ray,USA,English,No,No,No,84,Short
Beverly Hills Ninja,1997,Action | Comedy,1:28,DVD,USA,English,No,No,No,88,Short
Big Hero 6,2014,Action | Adventure | Animation | Comedy | Family | Science Fiction,1:42,Blu-ray,USA,English,No,No,No,102,Medium
The Big Sick,2017,Comedy | Drama | Romance,2:00,Blu-ray,USA,English,No,No,No,120,Medium
Big Trouble in Little China,1986,Action | Adventure | Comedy | Fantasy,1:39,Blu-ray,USA,English,No,No,No,99,Medium
The Birds,1963,Drama | Horror | Mystery | Romance,1:59,Blu-ray,USA,English,No,No,No,119,Medium
Black Panther,2018,Action | Adventure | Science Fiction,2:14,Blu-ray,USA,English,No,No,No,134,Medium
Black Swan,2010,Drama | Thriller,1:48,Blu-ray,USA,English,No,No,No,108,Medium
Blade Runner,1982,Action | Drama | Science Fiction | Thriller,1:57,Blu-ray,USA,English,No,No,No,117,Medium
Blade Runner 2049,2017,Action | Drama | Mystery | Science Fiction | Thriller,2:44,4K UHD,USA,English,No,No,No,164,Medium
Blood Diamond,2006,Adventure | Drama | Thriller,2:23,Blu-ray,USA,English,No,No,No,143,Medium
The Boondock Saints,1999,Action | Crime | Thriller,1:48,DVD,USA,English,No,No,No,108,Medium
The Bourne Identity,2002,Action | Mystery | Thriller,1:59,Blu-ray,USA,English,No,No,No,119,Medium
The Bourne Legacy,2012,Action | Adventure | Thriller,2:15,Blu-ray,USA,English,No,No,No,135,Medium
The Bourne Supremacy,2004,Action | Mystery | Thriller,1:48,Blu-ray,USA,English,No,No,No,108,Medium
The Bourne Ultimatum,2007,Action | Mystery | Thriller,1:55,Blu-ray,USA,English,No,No,No,115,Medium
Brave,2012,Action | Adventure | Animation | Comedy | Drama | Family | Fantasy | Mystery,1:33,Blu-ray,USA,English,No,No,No,93,Medium
A Bridge Too Far,1977,Drama | History | War,2:55,Blu-ray,USA,English,No,No,No,175,Long
Bridget Jones's Diary,2001,Comedy | Drama | Romance,1:37,DVD,UK,English,No,No,No,97,Medium
Captain America: Civil War,2016,Action | Science Fiction,2:27,Blu-ray,USA,English,No,No,No,147,Medium
Captain America: The Winter Soldier,2014,Action | Adventure | Science Fiction | Thriller,2:16,Blu-ray,USA,English,No,No,No,136,Medium
Cars,2006,Adventure | Animation | Comedy | Family | Sports,1:57,Blu-ray,USA,English,No,No,No,117,Medium
Casino Royale,2006,Action | Adventure | Thriller,2:24,Blu-ray,UK,English,No,No,No,144,Medium
A Charlie Brown Christmas,1965,Animation | Comedy | Drama | Family | Music,0:25,Blu-ray,USA,English,No,No,No,745,Long
Peanuts: A Charlie Brown Thanksgiving,1973,Animation | Short | Comedy,0:25,Blu-ray,USA,English,No,No,No,745,Long
Clarissa Explains It All: Season 1,1991,Comedy | Family,6:30,DVD,USA,English,No,No,Yes,390,Long
A Clockwork Orange,1971,Crime | Science Fiction,2:16,Blu-ray,UK,English,No,No,No,136,Medium
Cloverfield,2008,Horror | Science Fiction | Thriller,1:25,Blu-ray,USA,English,No,No,No,85,Short
Conan the Barbarian,1982,Action | Adventure | Fantasy,2:09,DVD,USA,English,No,No,No,129,Medium
Conan the Destroyer,1984,Action | Adventure | Fantasy,1:43,DVD,USA,English,No,No,No,103,Medium
Coraline,2009,Animation | Drama | Family | Fantasy,1:40,Blu-ray,USA,English,No,No,No,100,Medium
Cowboy Bebop #1,1998,Action | Adventure | Animation | Drama | Science Fiction | Thriller,1:56,Blu-ray,Japan,Japanese,Yes,No,Yes,116,Medium
Cowboy Bebop #2,1998,Action | Adventure | Animation | Comedy | Drama | Science Fiction,1:56,Blu-ray,Japan,Japanese,Yes,No,Yes,116,Medium
Cowboy Bebop #3,1998,Action | Adventure | Animation | Comedy | Drama | Science Fiction,2:05,Blu-ray,Japan,Japanese,Yes,No,Yes,125,Medium
Cowboy Bebop #4,1998,Action | Adventure | Animation | Comedy | Drama | Science Fiction,1:40,Blu-ray,Japan,Japanese,Yes,No,Yes,100,Medium
Cowboy Bebop #5,1998,Action | Adventure | Animation | Comedy | Drama | Science Fiction,1:40,Blu-ray,Japan,Japanese,Yes,No,Yes,100,Medium
Cowboy Bebop #6,1998,Action | Adventure | Animation | Comedy | Drama | Science Fiction,10:50,Blu-ray,Japan,Japanese,Yes,No,Yes,650,Long
Cowboy Bebop: The Movie,2001,Action | Animation | Crime | Drama | Science Fiction,1:55,DVD,Japan,Japanese,Yes,No,No,115,Medium
Cowboys & Aliens,2011,Action | Drama | Science Fiction | Thriller | Western,1:59,Blu-ray,USA,English,No,No,No,119,Medium
Crazy Rich Asians,2018,Comedy | Drama | Romance,2:00,Blu-ray,USA,English,No,No,No,120,Medium
"Crazy, Stupid, Love.",2011,Comedy | Drama | Romance,1:58,Blu-ray,USA,English,No,No,No,118,Medium
Creed,2015,Action | Drama | Sports,2:13,Blu-ray,USA,English,No,No,No,133,Medium
Crippled Avengers,1978,Action | Drama,1:44,DVD,Hong Kong,Mandarin,Yes,No,No,104,Medium
Dark City,1998,Fantasy | Mystery | Science Fiction | Thriller,1:40,Blu-ray,Australia,English,No,No,No,100,Medium
The Dark Knight,2008,Action | Crime | Drama | Thriller,2:32,Blu-ray,USA,English,No,No,No,152,Medium
The Dark Knight Rises,2012,Action | Drama | Thriller,2:44,Blu-ray,USA,English,No,No,No,164,Medium
David Garrett: Music: Live in Concert,2012,Music,2:04,DVD,Germany,English,No,No,No,124,Medium
Dawn of the Dead,2004,Action | Horror,1:41,Blu-ray,USA,English,No,No,No,101,Medium
The Day After Tomorrow,2004,Action | Adventure | Science Fiction | Thriller,2:04,DVD,USA,English,No,No,No,124,Medium
Days of Thunder,1990,Action | Drama | Sports,1:47,Blu-ray,USA,English,No,No,No,107,Medium
Deadpool,2016,Action | Comedy,1:48,Blu-ray,USA,English,No,No,No,108,Medium
The Delta Force,1986,Action | Adventure | Drama | Thriller | War,2:05,Blu-ray,USA,English,No,No,No,125,Medium
Demolition Man,1993,Action | Science Fiction | Thriller,1:55,Blu-ray,USA,English,No,No,No,115,Medium
The Departed,2006,Crime | Drama | Thriller,2:31,Blu-ray,USA,English,No,No,No,151,Medium
Desperado,1995,Action | Crime | Drama | Thriller | Western,1:44,DVD,USA,English,No,No,No,104,Medium
The Devil Wears Prada,2006,Comedy | Drama,1:49,DVD,USA,English,No,No,No,109,Medium
Die Hard,1988,Action | Thriller,2:12,Blu-ray,USA,Japanese,Yes,No,No,132,Medium
Die Hard 1-3: The Ultimate Collection,1989,Action | Adventure | Crime | Science Fiction | Special Interest | Thriller,4:05,DVD,USA,English,No,No,No,245,Long
Die Hard 1-3: The Ultimate Collection,1989,Action | Adventure | Crime | Science Fiction | Special Interest | Thriller,4:05,DVD,USA,English,No,No,No,245,Long
Dilbert: Season 1,1999,Animation | Comedy,6:14,DVD,USA,English,No,No,Yes,374,Long
Dirty Harry,1971,Action | Crime | Thriller,1:42,DVD,USA,English,No,No,No,102,Medium
District 9,2009,Action | Science Fiction | Thriller,1:52,Blu-ray,South Africa,English,No,No,No,112,Medium
Django Unchained,2012,Drama | Western,2:45,Blu-ray,USA,English,No,No,No,165,Medium
Dragon Fight,1989,Action | Crime | Thriller,1:36,DVD,Hong Kong,English,No,No,No,96,Medium
Dunkirk,2017,Action | Drama | History | Thriller | War,1:46,4K UHD,UK,English,No,No,No,106,Medium
Edge of Tomorrow,2014,Action | Adventure | Science Fiction,1:53,Blu-ray,USA,English,No,No,No,113,Medium
The Eight Diagram Pole Fighter,1984,Action | Drama,1:38,DVD,Hong Kong,Cantonese,Yes,No,No,98,Medium
Event Horizon,1997,Horror | Science Fiction | Thriller,1:36,DVD,UK,English,No,No,No,96,Medium
Everything Everywhere All at Once,2022,Action | Adventure | Comedy | Fantasy | Science Fiction,2:19,4K UHD,USA,English,No,No,No,139,Medium
Ex Machina,2014,Drama | Science Fiction | Thriller,1:48,Blu-ray,UK,English,No,No,No,108,Medium
Executioners from Shaolin,1977,Action | Drama,1:40,DVD,Hong Kong,Mandarin,Yes,No,No,100,Medium
The Expendables,2010,Action | Adventure | Thriller,1:43,Blu-ray,USA,English,No,No,No,103,Medium
The Expendables 2,2012,Action | Adventure | Thriller,1:43,Blu-ray,USA,English,No,No,No,103,Medium
Face/Off,1997,Action | Crime | Science Fiction | Thriller,2:18,DVD,USA,English,No,No,No,138,Medium
Fantasia,1940,Animation | Family | Fantasy | Music | Musical,2:04,Blu-ray,USA,English,No,No,No,124,Medium
Fantasia 2000,1999,Animation | Family | Fantasy | Music,1:15,Blu-ray,USA,English,No,No,No,75,Short
Fast & Furious 6,2013,Action | Crime | Thriller,2:10,Blu-ray,USA,English,No,No,No,130,Medium
Fast Five,2011,Action | Crime | Thriller,2:10,Blu-ray,USA,English,No,No,No,130,Medium
The Fate of the Furious,2017,Action | Crime | Thriller,2:16,Blu-ray,USA,English,No,No,No,136,Medium
Fearless,2006,Action | Biography | Drama | Sports,1:44,DVD,China,Japanese,Yes,No,No,104,Medium
Feng huo wan li qing,1967,Drama | Romance,1:44,DVD,Hong Kong,Mandarin,Yes,No,No,104,Medium
A Few Good Men,1992,Drama | Thriller,2:18,Blu-ray,USA,English,No,No,No,138,Medium
The Fifth Element,1997,Action | Adventure | Science Fiction,2:06,Blu-ray,USA,English,No,No,No,126,Medium
The Fighter,2010,Action | Biography | Drama | Sports,1:56,Blu-ray,USA,English,No,No,No,116,Medium
Finding Nemo,2003,Adventure | Animation | Comedy | Family,1:40,Blu-ray,USA,English,No,No,No,100,Medium
Firefly: The Complete Series,2002,Adventure | Drama | Science Fiction,10:51,Blu-ray,USA,English,No,No,Yes,651,Long
First Strike,1996,Action | Adventure | Comedy | Crime | Drama | Thriller,1:47,DVD,Hong Kong,English,No,No,No,107,Medium
Fist of Legend,1994,Action | Drama,1:43,DVD,Hong Kong,English,No,No,No,103,Medium
Ford v Ferrari,2019,Action | Biography | Drama | Sports,2:32,4K UHD,USA,English,No,No,No,152,Medium
Free Guy,2021,Action | Adventure | Comedy | Fantasy | Science Fiction,1:55,4K UHD,USA,English,No,No,No,115,Medium
Fresh Off The Boat,2015,Comedy,4:45,DVD,USA,English,No,No,Yes,285,Long
Friends: The Complete Second Series,2013,Comedy,8:48,DVD,USA,English,No,No,No,528,Long
Frozen,2013,Adventure | Animation | Comedy | Family | Fantasy | Musical,1:42,Blu-ray,USA,English,No,No,No,102,Medium
Full Metal Jacket,1987,Drama | War,1:56,Blu-ray,UK,English,No,No,No,116,Medium
Furious 7,2015,Action | Crime | Thriller,2:17,Blu-ray,USA,English,No,No,No,137,Medium
Gabriel Iglesias: Aloha Fluffy,2013,Comedy,1:00,Blu-ray,USA,English,No,No,Yes,60,Short
"Gabriel Iglesias: Im' Not Fat, I'm Fluffy",2009,Comedy,1:09,DVD,USA,English,No,No,Yes,69,Short
Game of Thrones: Season 1,2011,Action | Adventure | Drama | Fantasy,9:27,Blu-ray,USA,English,No,No,Yes,567,Long
Garden State,2004,Comedy | Drama | Romance,1:42,DVD,USA,English,No,No,No,102,Medium
Ghost in the Shell,2017,Action | Crime | Drama | Mystery | Science Fiction | Thriller,1:47,Blu-ray,USA,English,No,No,No,107,Medium
Ghost in the Shell,1995,Action | Animation | Crime | Drama | Mystery | Science Fiction | Thriller,1:23,DVD,Japan,Japanese,Yes,No,No,83,Short
Ghost in the Shell,1995,Action | Animation | Crime | Drama | Mystery | Science Fiction | Thriller,1:23,Blu-ray,Japan,Japanese,Yes,No,No,83,Short
Ghost in the Shell 2: Innocence,2004,Action | Animation | Drama | Science Fiction | Thriller,1:40,Blu-ray,Japan,Japanese,Yes,No,No,100,Medium
Ghostbusters,1984,Action | Comedy | Fantasy | Science Fiction,1:45,DVD,USA,English,No,No,No,105,Medium
Gilmore Girls: Season 1,2000,Comedy | Drama,15:22,DVD,USA,English,No,No,Yes,202,Long
The Girl with the Dragon Tattoo,2011,Crime | Drama | Mystery | Thriller,2:38,Blu-ray,USA,English,No,No,No,158,Medium
Glory,1989,Biography | Drama | History | War,2:02,DVD,USA,English,No,No,No,122,Medium
The Godfather,1972,Crime | Drama,2:55,Blu-ray,USA,English,No,No,No,175,Long
The Godfather Part II,1974,Crime | Drama,3:22,Blu-ray,USA,English,No,No,No,202,Long
The Godfather Part III,1990,Crime | Drama,2:42,Blu-ray,USA,English,No,No,No,162,Medium
Goldfinger,1964,Action | Adventure | Thriller,1:50,Blu-ray,UK,English,No,No,No,110,Medium
Gone with the Wind,1939,Drama | Romance | War,3:58,Blu-ray,USA,English,No,No,No,238,Long
Gravity,2013,Drama | Science Fiction | Thriller,1:31,Blu-ray,UK,English,No,No,No,91,Medium
Guardians of the Galaxy,2014,Action | Adventure | Comedy | Science Fiction,2:01,Blu-ray 3D,USA,English,No,No,No,121,Medium
The Hateful Eight,2015,Crime | Drama | Mystery | Thriller | Western,2:48,Blu-ray,USA,English,No,No,No,168,Long
Hero,2002,Action | Adventure | Drama,2:00,Blu-ray,Hong Kong,English,No,No,No,120,Medium
Hot Fuzz,2007,Action | Comedy | Mystery | Thriller,2:01,DVD,UK,English,No,No,No,121,Medium
How I Met Your Mother: Season 1,2005,Comedy | Romance,8:16,DVD,USA,English,No,No,Yes,496,Long
How I Met Your Mother: Season 2,2006,Comedy | Romance,8:33,DVD,USA,English,No,No,Yes,513,Long
How I Met Your Mother: Season 3,2007,Comedy | Romance,7:18,DVD,USA,English,No,No,Yes,438,Long
How I Met Your Mother: Season 4,2008,Comedy | Romance,12:00,DVD,USA,English,No,No,Yes,720,Long
How I Met Your Mother: Season 5,2009,Comedy | Drama | Romance,11:36,DVD,USA,English,No,No,Yes,696,Long
How I Met Your Mother: Season 6,2010,Comedy | Drama | Romance,10:51,DVD,USA,English,No,No,Yes,651,Long
How I Met Your Mother: Season 7,2011,Comedy | Drama | Romance,8:42,DVD,USA,English,No,No,Yes,522,Long
How I Met Your Mother: Season 8,2012,Comedy | Drama | Romance,8:44,DVD,USA,English,No,No,Yes,524,Long
How I Met Your Mother: Season 9,2013,Comedy | Drama | Romance,8:42,DVD,USA,English,No,No,Yes,522,Long
The Hunger Games,2012,Action | Adventure | Science Fiction | Thriller,2:22,Blu-ray,USA,English,No,No,No,142,Medium
The Hunger Games: Catching Fire,2013,Action | Adventure | Science Fiction | Thriller,2:26,Blu-ray,USA,English,No,No,No,146,Medium
The Hunger Games: Mockingjay - Part 1,2014,Action | Adventure | Science Fiction | Thriller,2:03,Blu-ray,USA,English,No,No,No,123,Medium
The Hunt for Red October,1990,Action | Adventure | Thriller,2:15,DVD,USA,English,No,No,No,135,Medium
I Love Lucy: Season 1,1951,Comedy | Family,18:15,DVD,USA,English,No,No,Yes,375,Long
I Love Lucy: Season 2,1952,Comedy | Family,15:30,DVD,USA,English,No,No,Yes,210,Long
I Love Lucy: Season 4,1954,Comedy | Family,15:00,DVD,USA,English,No,No,Yes,180,Long
The Imitation Game,2014,Biography | Drama | Thriller | War,1:54,Blu-ray,UK,English,No,No,No,114,Medium
Inception,2010,Action | Adventure | Science Fiction | Thriller,2:28,Blu-ray,USA,English,No,No,No,148,Medium
The Incredibles,2004,Action | Adventure | Animation | Family,1:55,Blu-ray,USA,English,No,No,No,115,Medium
Incredibles 2,2018,Action | Adventure | Animation | Comedy | Family | Science Fiction,1:58,4K UHD,USA,English,No,No,No,118,Medium
Inglourious Basterds,2009,Adventure | Drama | War,2:33,Blu-ray,Germany,English,No,No,No,153,Medium
Interstellar,2014,Adventure | Drama | Science Fiction,2:49,Blu-ray,USA,English,No,No,No,169,Long
Ip Man,2008,Action | Biography | Drama | War,1:46,DVD,Hong Kong,Chinese,Yes,No,No,106,Medium
Ip Man 3,2015,Action | Biography | Drama | History,1:45,Blu-ray,China,Cantonese,Yes,No,No,105,Medium
Iron Man,2008,Action | Adventure | Science Fiction,2:06,Blu-ray,USA,English,No,No,No,126,Medium
Iron Monkey,1993,Action | Crime | Drama,1:30,DVD,Hong Kong,Cantonese,Yes,No,No,90,Medium
Isle of Dogs,2018,Adventure | Animation | Comedy | Drama | Science Fiction,1:41,Blu-ray,UK,English,No,No,No,101,Medium
The Jackie Chan Collection,2004,Action | Adventure | Comedy | Crime | Mystery | Sports | Thriller,13:30,DVD,Hong Kong,English,No,No,No,90,Medium
Jessica Jones: Season 1,2015,Action | Crime | Drama | Science Fiction | Thriller,11:17,Blu-ray,USA,English,No,No,Yes,677,Long
Jin-Roh: The Wolf Brigade,1999,Action | Animation | Drama | Science Fiction | Thriller,3:30,DVD,Japan,Japanese,Yes,No,Yes,210,Long
John Wick,2014,Action | Crime | Thriller,1:41,Blu-ray,USA,English,No,No,No,101,Medium
John Wick: Chapter 2,2017,Action | Crime | Thriller,2:02,Blu-ray,USA,English,No,No,No,122,Medium
John Wick: Chapter 3 - Parabellum,2019,Action | Crime | Thriller,2:10,4K UHD,USA,English,No,No,No,130,Medium
John Wick: Chapter 4,2023,Action | Crime | Thriller,2:49,Blu-ray,Germany,English,No,No,No,169,Long
Johnny Mnemonic,1995,Action | Drama | Science Fiction | Thriller,1:36,Blu-ray,Canada,English,No,No,No,96,Medium
Joker,2019,Crime | Drama | Thriller,2:02,4K UHD,USA,English,No,No,No,122,Medium
Joy,2015,Biography | Drama,2:04,Blu-ray,USA,English,No,No,No,124,Medium
Jurassic Park Collection: Jurassic Park / Lost World: Jurassic Park,1997,Action | Adventure | Animation | Documentary | Fantasy | Horror | Science Fiction | Thriller,4:16,DVD,USA,English,No,No,No,256,Long
Jurassic World,2015,Action | Adventure | Science Fiction,2:04,Blu-ray,USA,English,No,No,No,124,Medium
The Karate Kid,1984,Action | Drama | Family | Sports,2:06,DVD,USA,English,No,No,No,126,Medium
The Karate Kid Collection: The Karate Kid / The Karate Kid Part II / The Karate Kid Part III / The Next Karate Kid,1984,Action | Adventure | Comedy | Drama | Family | Martial Arts | Romance,7:32,DVD,USA,English,No,No,No,452,Long
The Karate Kid Part III,1989,Action | Drama | Family | Sports,1:52,DVD,USA,English,No,No,No,112,Medium
The Karate Kid Part II,1986,Action | Family | Sports,1:53,DVD,USA,English,No,No,No,113,Medium
Kick-Ass,2010,Action | Comedy | Crime,1:57,Blu-ray,UK,English,No,No,No,117,Medium
Kill Bill: Vol. 1,2003,Action | Crime | Thriller,1:51,Blu-ray,USA,English,No,No,No,111,Medium
Kill Bill: Vol. 2,2004,Action | Crime | Thriller,2:17,Blu-ray,USA,English,No,No,No,137,Medium
Kill Zone,2005,Action | Crime | Thriller,1:33,DVD,Hong Kong,Cantonese,Yes,No,No,93,Medium
The King's Speech,2010,Biography | Drama | History,1:58,Blu-ray,UK,English,No,No,No,118,Medium
Kingsman: The Secret Service,2014,Action | Adventure | Comedy | Thriller,2:09,Blu-ray,UK,English,No,No,No,129,Medium
Kung Fu Hustle,2004,Action | Comedy | Fantasy,1:39,Blu-ray,Hong Kong,Cantonese,Yes,No,No,99,Medium
La La Land,2016,Comedy | Drama | Music | Musical | Romance,2:08,Blu-ray,USA,English,No,No,No,128,Medium
The Last Samurai,2003,Action | Drama,2:34,DVD,USA,English,No,No,No,154,Medium
Legendary Weapons of China,1982,Action | Comedy | Drama,1:40,DVD,Hong Kong,Cantonese,Yes,No,No,100,Medium
The Lego Movie,2014,Action | Adventure | Animation | Comedy | Family | Fantasy | Science Fiction,1:40,Blu-ray,USA,English,No,No,No,100,Medium
Léon: The Professional,1994,Action | Crime | Drama | Thriller,1:50,DVD,USA,English,No,No,No,110,Medium
Lethal Weapon: Triple Feature,1992,Action | Adventure | Comedy | Crime | Drama | Thriller,5:56,DVD,USA,English,No,No,No,356,Long
The Little Mermaid,1989,Adventure | Animation | Family | Fantasy | Musical | Romance,1:23,Blu-ray,USA,English,No,No,No,83,Short
The Lord of the Rings: The Fellowship of the Ring,2001,Action | Adventure | Drama | Fantasy,2:58,Blu-ray,New Zealand,English,No,No,No,178,Long
The Lord of the Rings: The Return of the King,2003,Action | Adventure | Drama | Fantasy,3:21,Blu-ray,New Zealand,English,No,No,No,201,Long
The Lord of the Rings: The Two Towers,2002,Action | Adventure | Drama | Fantasy,2:59,Blu-ray,New Zealand,English,No,No,No,179,Long
Lost in Translation,2003,Comedy | Drama,1:42,DVD,USA,English,No,No,No,102,Medium
Love Actually,2003,Comedy | Drama | Romance,2:15,Blu-ray,UK,English,No,No,No,135,Medium
Mad City,1997,Crime | Drama | Thriller,1:55,DVD,USA,English,No,No,No,115,Medium
Mad Max: Fury Road,2015,Action | Adventure | Science Fiction | Thriller,2:00,Blu-ray,Australia,English,No,No,No,120,Medium
Magnum Force,1973,Action | Crime | Mystery | Thriller,2:04,DVD,USA,English,No,No,No,124,Medium
The Man with the Iron Fists,2012,Action,1:35,Blu-ray,USA,English,No,No,No,95,Medium
Martial Club,1981,Action | Drama,1:50,DVD,Hong Kong,Cantonese,Yes,No,No,110,Medium
Martian Successor Nadesico,1996,Animation | Comedy | Science Fiction,0:00,DVD,Japan,Japanese,Yes,No,Yes,720,Long
Martian Successor Nadesico - The Motion Picture: Prince of Darkness,1998,Action | Animation | Science Fiction,0:00,DVD,Japan,Japanese,Yes,No,No,720,Long
Mary Poppins,1964,Comedy | Family | Fantasy | Musical,2:19,Blu-ray,USA,English,No,No,No,139,Medium
The Master,1992,Action | Comedy | Crime,1:32,DVD,Hong Kong,Cantonese,Yes,No,No,92,Medium
The Matrix,1999,Action | Science Fiction,2:16,Blu-ray,USA,English,No,No,No,136,Medium
The Matrix Resurrections,2021,Action | Science Fiction,2:28,4K UHD,USA,English,No,No,No,148,Medium
Mission: Impossible - Ghost Protocol,2011,Action | Adventure | Thriller,2:12,Blu-ray,USA,English,No,No,No,132,Medium
Mulan,1998,Adventure | Animation | Comedy | Family | Fantasy | Musical | War,1:27,DVD,USA,English,No,No,No,87,Short
My Father is a Hero,1995,Action | Crime | Drama | Thriller,1:44,DVD,Hong Kong,English,No,No,No,104,Medium
My Young Auntie,1981,Action | Comedy,2:01,DVD,Hong Kong,Cantonese,Yes,No,No,121,Medium
The Myth,2005,Action | Adventure | Comedy | Drama | Fantasy,2:02,DVD,Hong Kong,Mandarin,Yes,No,No,122,Medium
Neon Genesis Evangelion: The End Of Evangelion,1997,Action | Animation | Drama | Science Fiction,1:30,DVD,Japan,Japanese,Yes,No,Yes,90,Medium
The Next Karate Kid,1994,Action | Drama | Family | Romance | Sports,1:47,DVD,USA,English,No,No,No,107,Medium
The Nice Guys,2016,Action | Comedy | Crime | Thriller,1:56,Blu-ray,USA,English,No,No,No,116,Medium
North by Northwest,1959,Action | Adventure | Mystery | Thriller,2:16,Blu-ray,USA,English,No,No,No,136,Medium
North by Northwest,1959,Action | Adventure | Mystery | Thriller,2:16,Blu-ray,USA,English,No,No,No,136,Medium
Now You See Me,2013,Crime | Mystery | Thriller,1:55,Blu-ray,USA,English,No,No,No,115,Medium
Observe and Report,2009,Comedy | Crime | Drama,1:26,Blu-ray,USA,English,No,No,No,86,Short
Office Space,1999,Comedy,1:29,DVD,USA,English,No,No,No,89,Short
Once Upon a Time in China,1991,Action | Adventure | History,2:14,DVD,Hong Kong,Cantonese,Yes,No,No,134,Medium
Once Upon a Time in China II,1992,Action | Adventure | Biography | History | Romance,1:53,DVD,Hong Kong,Cantonese,Yes,No,No,113,Medium
Once Upon a Time in China III,1992,Action | Adventure | Biography | History,1:49,DVD,Hong Kong,Cantonese,Yes,No,No,109,Medium
Once Upon a Time in Hollywood,2019,Comedy | Drama,2:41,4K UHD,USA,English,No,No,No,161,Medium
Ong Bak 2,2008,Action,1:38,DVD,Thailand,Thai,Yes,No,No,98,Medium
Pan's Labyrinth,2006,Drama | Fantasy | War,1:58,DVD,Mexico,Spanish,Yes,No,No,118,Medium
Parasite,2019,Drama | Thriller,2:12,4K UHD,South Korea,Korean,Yes,No,No,132,Medium
The Patriot,2000,Action | Drama | History | War,2:45,DVD,USA,English,No,No,No,165,Medium
Patton,1970,Biography | Drama | War,2:52,Blu-ray,USA,English,No,No,No,172,Long
Paul,2011,Adventure | Comedy | Science Fiction,1:44,Blu-ray,USA,English,No,No,No,104,Medium
"It's the Great Pumpkin, Charlie Brown",1966,Animation | Comedy | Family,0:25,Blu-ray,USA,English,No,No,No,745,Long
Pearl Harbor,2001,Action | Drama | History | Romance | War,3:03,DVD,USA,English,No,No,No,183,Long
Pirates of the Caribbean: At World's End,2007,Action | Adventure | Fantasy,2:49,Blu-ray,USA,English,No,No,No,169,Long
Pirates of the Caribbean: Dead Man's Chest,2006,Action | Adventure | Fantasy,2:31,Blu-ray,USA,English,No,No,No,151,Medium
Pirates of the Caribbean: The Curse of the Black Pearl,2003,Action | Adventure | Fantasy,2:23,Blu-ray,USA,English,No,No,No,143,Medium
Pitch Perfect,2012,Comedy | Music | Romance,1:52,DVD,USA,English,No,No,No,112,Medium
Planet Earth,2007,Documentary,8:58,Blu-ray,UK,English,No,No,Yes,538,Long
Planet Earth II,2017,Documentary,4:57,4K UHD,UK,English,No,No,Yes,297,Long
Police Story / Police Story 2,1987,Action | Adventure | Comedy | Crime | Foreign | Martial Arts | Thriller,3:02,Blu-ray,USA,English,No,No,No,182,Long
Predators,2010,Action | Adventure | Science Fiction | Thriller,1:47,Blu-ray,USA,English,No,No,No,107,Medium
The Princess Bride,1987,Adventure | Comedy | Family | Fantasy | Romance,1:38,Blu-ray,USA,English,No,No,No,98,Medium
Princess Mononoke,1997,Action | Adventure | Animation | Fantasy,2:14,DVD,Japan,Japanese,Yes,No,No,134,Medium
The Prodigal Son,1981,Action | Comedy,1:44,DVD,Hong Kong,Cantonese,Yes,No,No,104,Medium
Project A-Ko,1986,Action | Adventure | Animation | Comedy | Science Fiction,1:26,DVD,Japan,Japanese,Yes,No,No,86,Short
The Promise,2005,Action | Drama | Fantasy,2:01,DVD,China,Mandarin,Yes,No,No,121,Medium
Psycho,1960,Horror | Mystery | Thriller,1:49,Blu-ray,USA,English,No,No,No,109,Medium
Pulp Fiction,1994,Crime | Drama,2:34,Blu-ray,USA,English,No,No,No,154,Medium
The Raid 2,2014,Action | Crime | Thriller,2:30,Blu-ray,Indonesia,Indonesian,Yes,No,No,150,Medium
The Raid: Redemption,2011,Action | Crime | Thriller,1:41,Blu-ray,Indonesia,Indonesian,Yes,No,No,101,Medium
Ranma 1/2: OVA Series,1989,Action | Animation | Comedy | Fantasy | Romance,6:15,DVD,Japan,Japanese,Yes,No,Yes,375,Long
Ranma 1/2: OVA Series,1989,Action | Animation | Comedy | Fantasy | Romance,6:15,Blu-ray,Japan,Japanese,Yes,No,Yes,375,Long
Ranma 1/2: The Movie 1: Big Trouble In Nekonron China,1991,Anime,1:15,Blu-ray,USA,Japanese,Yes,No,No,75,Short
"Ranma ½: The Movie 2, Nihao My Concubine",1992,Action | Adventure | Animation | Comedy | Fantasy | Romance,1:00,DVD,Japan,Japanese,Yes,No,No,60,Short
"Ranma ½: The Movie 2, Nihao My Concubine",1992,Action | Adventure | Animation | Comedy | Fantasy | Romance,1:00,Blu-ray,Japan,Japanese,Yes,No,No,60,Short
Ratatouille,2007,Adventure | Animation | Comedy | Family | Fantasy,1:51,Blu-ray,USA,English,No,No,No,111,Medium
Rear Window,1954,Mystery | Thriller,1:52,Blu-ray,USA,English,No,No,No,112,Medium
RED,2010,Action | Comedy | Crime | Thriller,1:51,Blu-ray,USA,English,No,No,No,111,Medium
Reservoir Dogs,1992,Crime | Thriller,1:39,Blu-ray,USA,English,No,No,No,99,Medium
Resident Evil,2002,Action | Horror | Science Fiction,1:40,DVD,UK,English,No,No,No,100,Medium
Resident Evil: Apocalypse,2004,Action | Horror | Science Fiction | Thriller,1:34,DVD,Germany,English,No,No,No,94,Medium
Riddick: the Complete Collection,2000,Action | Adventure | Animation | Horror | Science Fiction | Thriller,6:13,DVD,USA,English,No,No,No,373,Long
Rocky: The Undisputed Collection,2007,Adventure | Animation | Drama | Sports,10:30,Blu-ray,USA,English,No,No,No,630,Long
Rogue One: A Star Wars Story,2016,Action | Adventure | Science Fiction,2:13,Blu-ray,USA,English,No,No,No,133,Medium
Rome: Season 1,2005,Action | Drama | History | Romance | War,12:00,Blu-ray,UK,English,No,No,Yes,720,Long
Ronin,1998,Action | Crime | Thriller,2:02,Blu-ray,USA,English,No,No,No,122,Medium
Rumble in the Bronx,1995,Action | Comedy | Crime | Thriller,1:44,DVD,Hong Kong,Cantonese,Yes,No,No,104,Medium
"Run, Fat Boy, Run",2007,Comedy | Romance | Sports,1:40,DVD,UK,English,No,No,No,100,Medium
Ruroni Kenshin: Meiji kenkaku roman tan: Tsuioku hen,2000,Action | Adventure | Animation | Drama | History,1:55,DVD,Japan,Japanese,Yes,No,Yes,115,Medium
Sailor Moon #04: The Secret Of The Sailor Scouts,1995,Action | Adventure | Animation | Comedy | Family | Fantasy | Romance,2:15,Blu-ray,Japan,English,No,No,Yes,135,Medium
Sailor Moon R: The Movie: The Promise Of The Rose,1993,Action | Anime | Comedy,1:00,Blu-ray,USA,English,No,No,No,60,Short
Sailor Moon S,1995,Anime,0:00,Blu-ray,USA,English,No,No,No,720,Long
Sailor Moon: Season 2,1993,Action | Adventure | Animation | Comedy | Family | Fantasy | Romance,17:12,Blu-ray,Japan,Japanese,Yes,No,Yes,312,Long
Saving Mr. Banks,2013,Biography | Comedy | Drama,2:05,Blu-ray,UK,English,No,No,No,125,Medium
Saving Private Ryan,1998,Drama | War,2:49,DVD,USA,English,No,No,No,169,Long
Secret Diary Of A Call Girl: Season 1,2007,Drama,3:05,DVD,UK,English,No,No,Yes,185,Long
Seven Swords,2005,Action | Adventure | Fantasy,2:33,DVD,Hong Kong,Cantonese,Yes,No,No,153,Medium
Seven Swordsmen,2005,Action,2:33:00,DVD,Hong Kong,English,No,No,No,153,Medium
Shang-Chi and the Legend of the Ten Rings,2021,Action | Adventure | Fantasy | Science Fiction,2:12,4K UHD,USA,English,No,No,No,132,Medium
Shaolin vs. Evil Dead,2004,Action | Comedy | Horror,1:34,DVD,Hong Kong,English,No,No,No,94,Medium
Shaun of the Dead,2004,Comedy | Horror,1:39,DVD,UK,English,No,No,No,99,Medium
Shooter,2007,Action | Drama | Thriller,2:04,DVD,USA,English,No,No,No,124,Medium
Short Circuit,1986,Comedy | Family | Science Fiction,1:38,DVD,USA,English,No,No,No,98,Medium
Short Circuit 2,1988,Comedy | Drama | Family | Science Fiction,1:50,DVD,USA,English,No,No,No,110,Medium
Sicario,2015,Action | Crime | Drama | Mystery | Thriller,2:01,Blu-ray,USA,English,No,No,No,121,Medium
The Simpsons: Season 1,1989,Animation | Comedy,6:30,DVD,USA,English,No,No,Yes,390,Long
The Simpsons: Season 10,1998,Animation | Comedy,11:23,DVD,USA,English,No,No,Yes,683,Long
The Simpsons: Season 11,1999,Animation | Comedy,11:00,DVD,USA,English,No,No,Yes,660,Long
The Simpsons: Season 2,1990,Animation | Comedy,9:29,DVD,USA,English,No,No,Yes,569,Long
The Simpsons: Season 4,1992,Animation | Comedy,11:00,DVD,USA,English,No,No,Yes,660,Long
The Simpsons: Season 5,1993,Animation | Comedy,10:53,DVD,USA,English,No,No,Yes,653,Long
The Simpsons: Season 6,1994,Animation | Comedy,12:30,DVD,USA,English,No,No,Yes,750,Long
The Simpsons: Season 7,1995,Animation | Comedy,12:30,DVD,USA,English,No,No,Yes,750,Long
The Simpsons: Season 8,1996,Animation | Comedy,12:30,DVD,USA,English,No,No,Yes,750,Long
The Simpsons: Season 9,1997,Animation | Comedy,12:30,DVD,USA,English,No,No,Yes,750,Long
Sin City,2005,Crime | Thriller,2:04,Blu-ray,USA,English,No,No,No,124,Medium
Slumdog Millionaire,2008,Crime | Drama | Romance,2:00,DVD,UK,English,No,No,No,120,Medium
The Social Network,2010,Biography | Drama,2:00,Blu-ray,USA,English,No,No,No,120,Medium
Spaceballs,1987,Adventure | Comedy | Science Fiction,1:36,DVD,USA,English,No,No,No,96,Medium
Spectre,2015,Action | Adventure | Thriller,2:28,Blu-ray,UK,English,No,No,No,148,Medium
Star Trek,2009,Action | Adventure | Science Fiction,2:07,Blu-ray,USA,English,No,No,No,127,Medium
Star Wars: Episode IV - A New Hope,1977,Action | Adventure | Fantasy | Science Fiction,2:01,Blu-ray,USA,English,No,No,No,121,Medium
Star Wars: Episode V - The Empire Strikes Back,1980,Action | Adventure | Fantasy | Science Fiction,2:04,Blu-ray,USA,English,No,No,No,124,Medium
Star Wars: Episode VI - Return of the Jedi,1983,Action | Adventure | Fantasy | Science Fiction,2:11,Blu-ray,USA,English,No,No,No,131,Medium
Star Wars: Episode VII - The Force Awakens,2015,Action | Adventure | Science Fiction,2:16,Blu-ray,USA,English,No,No,No,136,Medium
Stargate,1994,Action | Adventure | Science Fiction,1:56,Blu-ray,USA,English,No,No,No,116,Medium
Stripes,1981,Comedy | War,1:46,DVD,USA,English,No,No,No,106,Medium
Sucker Punch,2011,Action | Adventure | Fantasy,1:50,Blu-ray,USA,English,No,No,No,110,Medium
Teenage Mutant Ninja Turtles,1990,Action | Adventure | Comedy | Family | Science Fiction,1:33,DVD,Hong Kong,English,No,No,No,93,Medium
Tenet,2020,Action | Science Fiction | Thriller,2:30,4K UHD,USA,English,No,No,No,150,Medium
The Terminator,1984,Action | Science Fiction,1:47,Blu-ray,UK,English,No,No,No,107,Medium
Terminator 2: Judgment Day,1991,Action | Science Fiction,2:17,Blu-ray,USA,English,No,No,No,137,Medium
Tiny Toon Adventures: How I Spent My Vacation,1992,Adventure | Animation | Comedy | Family | Fantasy | Music | Musical | Mystery | Romance | Science Fiction,1:20,DVD,USA,English,No,No,Yes,80,Short
To Catch a Thief,1955,Mystery | Romance | Thriller,1:46,Blu-ray,USA,English,No,No,No,106,Medium
Top Gun,1986,Action | Drama,1:49,Blu-ray,USA,English,No,No,No,109,Medium
Top Gun: Maverick,2022,Action | Drama,2:10,4K UHD,USA,English,No,No,No,130,Medium
Total Recall,1990,Action | Adventure | Science Fiction,1:53,Blu-ray,USA,English,No,No,No,113,Medium
The Town,2010,Crime | Drama | Thriller,2:05,Blu-ray,USA,English,No,No,No,125,Medium
Transformers,2007,Action | Adventure | Science Fiction,2:24,Blu-ray,USA,English,No,No,No,144,Medium
Tropic Thunder,2008,Action | Comedy | War,1:47,Blu-ray,USA,English,No,No,No,107,Medium
True Grit,2010,Drama | Western,1:50,Blu-ray,USA,English,No,No,No,110,Medium
Under Siege,1992,Action | Thriller,1:43,DVD,France,English,No,No,No,103,Medium
Up,2009,Adventure | Animation | Comedy | Drama | Family,1:36,Blu-ray,USA,English,No,No,No,96,Medium
Vampire Hunter D: Bloodlust,2000,Action | Animation | Fantasy | Horror | Science Fiction,1:43,DVD,Japan,English,No,No,Yes,103,Medium
The Venture Bros.: Season 3,2008,Action | Adventure | Animation | Comedy | Fantasy | Science Fiction,5:00,Blu-ray,USA,English,No,No,Yes,300,Long
Vertigo,1958,Mystery | Romance | Thriller,2:08,Blu-ray,USA,English,No,No,No,128,Medium
WALL·E,2008,Adventure | Animation | Family | Science Fiction,1:38,Blu-ray,USA,English,No,No,No,98,Medium
Wanted,2008,Action | Crime | Thriller,1:50,Blu-ray,USA,English,No,No,No,110,Medium
Warrior From Shaolin,1984,Action | Adventure,1:30,DVD,USA,English,No,No,No,90,Medium
Watchmen,2009,Action | Drama | Mystery | Science Fiction,2:42,Blu-ray,USA,English,No,No,No,162,Medium
Weeds: Season 1,2005,Comedy | Crime | Drama,5:00,DVD,USA,English,No,No,Yes,300,Long
Who Am I?,1998,Action | Adventure | Comedy | Science Fiction | Thriller,2:00,DVD,Hong Kong,English,No,No,No,120,Medium
Wild,2014,Adventure | Biography | Drama,1:55,Blu-ray,USA,English,No,No,No,115,Medium
Will & Grace: Season 2,1999,Comedy | Romance,10:00,DVD,USA,English,No,No,Yes,600,Long
Wonder Woman,2017,Action | Adventure | Fantasy | Science Fiction | War,2:21,Blu-ray,USA,English,No,No,No,141,Medium
Wreck-It Ralph,2012,Adventure | Animation | Comedy | Family | Fantasy | Science Fiction,1:41,Blu-ray,USA,English,No,No,No,101,Medium
X-Men: First Class,2011,Action | Adventure | Science Fiction,2:11,Blu-ray,USA,English,No,No,No,131,Medium
X-Men: Days of Future Past,2014,Action | Adventure | Science Fiction | Thriller,2:12,Blu-ray,UK,English,No,No,No,132,Medium
Yi dan er li san gong fu,1979,Action | Comedy,1:32,DVD,Hong Kong,English,No,No,No,92,Medium
Yi dan er li san gong fu,1979,Action | Comedy,1:32,DVD,Hong Kong,English,No,No,No,92,Medium
Your Name.,2016,Animation | Drama | Fantasy | Romance,1:46,Blu-ray,Japan,Japanese,Yes,No,No,106,Medium
Zootopia,2016,Adventure | Animation | Comedy | Crime | Family | Mystery,1:48,Blu-ray,USA,English,No,No,No,108,Medium
